image	value_2	image/_source	value_1
http://govpics.maryland.gov/pages/ImageHandler.ashx?EventID=4472&ImageID=565765&Thumbs=True	2/23/16	ImageHandler.ashx?EventID=4472&ImageID=565765&Thumbs=True	BOARD OF PUBLIC WORKS
http://govpics.maryland.gov/pages/ImageHandler.ashx?EventID=4473&ImageID=565769&Thumbs=True	2/22/16	ImageHandler.ashx?EventID=4473&ImageID=565769&Thumbs=True	MEETING WITH JEOLLANAMDO GOVERNOR
http://govpics.maryland.gov/pages/ImageHandler.ashx?EventID=4471&ImageID=565760&Thumbs=True	2/22/16	ImageHandler.ashx?EventID=4471&ImageID=565760&Thumbs=True	HORSE INDUSTRY DAY
http://govpics.maryland.gov/pages/ImageHandler.ashx?EventID=4467&ImageID=565659&Thumbs=True	2/19/16	ImageHandler.ashx?EventID=4467&ImageID=565659&Thumbs=True	VISIT TO TRACY'S KIDS PROGRAM
http://govpics.maryland.gov/pages/ImageHandler.ashx?EventID=4465&ImageID=565627&Thumbs=True	2/19/16	ImageHandler.ashx?EventID=4465&ImageID=565627&Thumbs=True	PHOTO OP GREEN BAG
http://govpics.maryland.gov/pages/ImageHandler.ashx?EventID=4466&ImageID=565646&Thumbs=True	2/18/16	ImageHandler.ashx?EventID=4466&ImageID=565646&Thumbs=True	HIDTA CONFERENCE
http://govpics.maryland.gov/pages/ImageHandler.ashx?EventID=4470&ImageID=565702&Thumbs=True	2/18/16	ImageHandler.ashx?EventID=4470&ImageID=565702&Thumbs=True	AKA AT MILLER SENATE BUILDING
http://govpics.maryland.gov/pages/ImageHandler.ashx?EventID=4463&ImageID=565550&Thumbs=True	2/17/16	ImageHandler.ashx?EventID=4463&ImageID=565550&Thumbs=True	MILKEN EDUCATOR AWARD
http://govpics.maryland.gov/pages/ImageHandler.ashx?EventID=4469&ImageID=565689&Thumbs=True	2/17/16	ImageHandler.ashx?EventID=4469&ImageID=565689&Thumbs=True	MARYLAND ART DAY
http://govpics.maryland.gov/pages/ImageHandler.ashx?EventID=4464&ImageID=565599&Thumbs=True	2/17/16	ImageHandler.ashx?EventID=4464&ImageID=565599&Thumbs=True	LEGISLATIVE RECEPTION AT GOVERNMENT HOUSE
http://govpics.maryland.gov/pages/ImageHandler.ashx?EventID=4468&ImageID=565675&Thumbs=True	2/17/16	ImageHandler.ashx?EventID=4468&ImageID=565675&Thumbs=True	BSO WITH LG
http://govpics.maryland.gov/pages/ImageHandler.ashx?EventID=4461&ImageID=565339&Thumbs=True	2/16/16	ImageHandler.ashx?EventID=4461&ImageID=565339&Thumbs=True	NFIB
